{
  "analysis_period": "Last 10 cycles (Total: 29)",
  "timestamp": "2025-11-07T12:00:39.975105",
  "trading_activity": {
    "total_decisions": 60,
    "entry_signals": 1,
    "hold_signals": 59,
    "close_signals": 0,
    "decision_rate": 1.6666666666666667
  },
  "trade_performance": {
    "total_trades": 35,
    "winning_trades": 31,
    "losing_trades": 4,
    "break_even_trades": 0,
    "win_rate": 88.57,
    "total_pnl": 16.47,
    "average_pnl": 0.47,
    "profit_factor": 2.28,
    "largest_win": 2.48,
    "largest_loss": -6.82
  },
  "portfolio_performance": {
    "initial_balance": 200.0,
    "current_balance": 101.24083135228264,
    "total_value": 212.5965707231278,
    "total_return": 6.3,
    "sharpe_ratio": 1.103,
    "open_positions": 3
  },
  "coin_performance": {
    "LINK": {
      "trades": 6,
      "total_pnl": 0.14857427772263865,
      "wins": 4,
      "losses": 2,
      "win_rate": 66.66666666666666,
      "avg_pnl": 0.024762379620439774
    },
    "JASMY": {
      "trades": 4,
      "total_pnl": 3.4285714285714235,
      "wins": 4,
      "losses": 0,
      "win_rate": 100.0,
      "avg_pnl": 0.8571428571428559
    },
    "XRP": {
      "trades": 8,
      "total_pnl": -0.4157524245139115,
      "wins": 7,
      "losses": 1,
      "win_rate": 87.5,
      "avg_pnl": -0.051969053064238935
    },
    "SOL": {
      "trades": 6,
      "total_pnl": 2.3938366220113245,
      "wins": 5,
      "losses": 1,
      "win_rate": 83.33333333333334,
      "avg_pnl": 0.39897277033522077
    },
    "DOGE": {
      "trades": 6,
      "total_pnl": 6.219937197910385,
      "wins": 6,
      "losses": 0,
      "win_rate": 100.0,
      "avg_pnl": 1.0366561996517307
    },
    "ADA": {
      "trades": 5,
      "total_pnl": 4.699200099987209,
      "wins": 5,
      "losses": 0,
      "win_rate": 100.0,
      "avg_pnl": 0.9398400199974418
    }
  },
  "recommendations": [
    "📊 High position count (3) - quality over quantity",
    "⚠️ Review strategy for: XRP"
  ]
}